Field Name,Value
id,8
modified,09.07.2025 04:38:03
code,10330
title,KIDS VALUEWEIGHT T
brandID,688
brand,Fruit of the Loom
package,12
box,108 (164cm size: 72)
salesunit,
description,"• Material: 100% cotton
*Ash 99% cotton,1% polyester
*Heather Grey 97% cotton, 3% polyester
• Weight: White - 160gm/m², Colour - 165gm/m²
• Cotton/Lycra® rib crew neck with taped neckline
• Now produced using Belcoro® yarn for a softer feel and cleaner printing process
• Fine knit gauge for enhanced printability

Size: 92 - 164cm
(92 and 98 cm sizes available in White, Sunflower, Royal Blue, Sky Blue, Navy Blue, Red, Light Pink)"
sizetable,"<table>
<tr>
<td>Size</td>
<td>Width cm*</td>
<td>Length cm**</td>
</tr>
<tr>
<td>3-4/104cm</td>
<td>38</td>
<td>45</td>
</tr>
<tr>
<td>5-6/116cm</td>
<td>40,5</td>
<td>50</td>
</tr>
<tr>
<td>7-8/128cm</td>
<td>43</td>
<td>55</td>
</tr>
<tr>
<td>9-11/140cm</td>
<td>46</td>
<td>60</td>
</tr>
<tr>
<td>12-13/152cm</td>
<td>48,5</td>
<td>65</td>
</tr>
<tr>
<td>14-15/164 cm</td>
<td>53,5</td>
<td>72</td>
</tr>
<tr>
<td>Tol +/-</td>
<td>2,5</td>
<td>2,5</td>
</tr>
</table>
<p>* Measure across garment 2cm down from armholes</p>
<p>** Measure from highest point of shoulder to bottom edge of garment</p>"
categories.category.0.id,61
categories.category.0.name,T-shirts
categories.category.1.id,95
categories.category.1.name,Kids
categories.category.2.id,97
categories.category.2.name,Kids T-shirts
types.type.id,2
types.type.name,Lasten
images.image.0.id,73198
images.image.0.modified,10.06.2024 14:47:03
images.image.0.src,https://www.skyprotextiles.com/media/products/images/10330/73198.jpg
images.image.0.lowres_src,https://www.skyprotextiles.com/var/www/media/products/images/10330/lowres/lr-73198.jpg
images.image.0.name,10330_k2.jpg
images.image.0.image_category_id,0
images.image.0.image_category_name,General images
images.image.0.caption,Yellow
images.image.1.id,29471
images.image.1.modified,10.06.2024 14:47:03
images.image.1.src,https://www.skyprotextiles.com/media/products/images/10330/29471.jpg
images.image.1.lowres_src,https://www.skyprotextiles.com/var/www/media/products/images/10330/lowres/lr-29471.jpg
images.image.1.name,Fruit_of_the_Loom_10330_Lasten_Valueweight_T-paita_Azure Blue.jpg
images.image.1.image_category_id,0
images.image.1.image_category_name,General images
images.image.1.caption,Azure Blue
images.image.2.id,29467
images.image.2.modified,10.06.2024 14:47:03
images.image.2.src,https://www.skyprotextiles.com/media/products/images/10330/29467.jpg
images.image.2.lowres_src,https://www.skyprotextiles.com/var/www/media/products/images/10330/lowres/lr-29467.jpg
images.image.2.name,Fruit_of_the_Loom_10330_Lasten_Valueweight_T-paita_Black.jpg
images.image.2.image_category_id,0
images.image.2.image_category_name,General images
images.image.2.caption,Black
images.image.3.id,29457
images.image.3.modified,10.06.2024 14:47:03
images.image.3.src,https://www.skyprotextiles.com/media/products/images/10330/29457.jpg
images.image.3.lowres_src,https://www.skyprotextiles.com/var/www/media/products/images/10330/lowres/lr-29457.jpg
images.image.3.name,Fruit_of_the_Loom_10330_Lasten_Valueweight_T-paita_Deep Navy.jpg
images.image.3.image_category_id,0
images.image.3.image_category_name,General images
images.image.3.caption,Deep Navy
images.image.4.id,29469
images.image.4.modified,10.06.2024 14:47:03
images.image.4.src,https://www.skyprotextiles.com/media/products/images/10330/29469.jpg
images.image.4.lowres_src,https://www.skyprotextiles.com/var/www/media/products/images/10330/lowres/lr-29469.jpg
images.image.4.name,Fruit_of_the_Loom_10330_Lasten_Valueweight_T-paita_Fuchsia.jpg
images.image.4.image_category_id,0
images.image.4.image_category_name,General images
images.image.4.caption,Fuchsia
images.image.5.id,29447
images.image.5.modified,10.06.2024 14:47:03
images.image.5.src,https://www.skyprotextiles.com/media/products/images/10330/29447.jpg
images.image.5.lowres_src,https://www.skyprotextiles.com/var/www/media/products/images/10330/lowres/lr-29447.jpg
images.image.5.name,Fruit_of_the_Loom_10330_Lasten_Valueweight_T-paita_Heather Grey.jpg
images.image.5.image_category_id,0
images.image.5.image_category_name,General images
images.image.5.caption,Heather Grey
images.image.6.id,29465
images.image.6.modified,10.06.2024 14:47:03
images.image.6.src,https://www.skyprotextiles.com/media/products/images/10330/29465.jpg
images.image.6.lowres_src,https://www.skyprotextiles.com/var/www/media/products/images/10330/lowres/lr-29465.jpg
images.image.6.name,Fruit_of_the_Loom_10330_Lasten_Valueweight_T-paita_Navy.jpg
images.image.6.image_category_id,0
images.image.6.image_category_name,General images
images.image.6.caption,Navy
images.image.7.id,29483
images.image.7.modified,10.06.2024 14:47:03
images.image.7.src,https://www.skyprotextiles.com/media/products/images/10330/29483.jpg
images.image.7.lowres_src,https://www.skyprotextiles.com/var/www/media/products/images/10330/lowres/lr-29483.jpg
images.image.7.name,Fruit_of_the_Loom_10330_Lasten_Valueweight_T-paita_Orange.jpg
images.image.7.image_category_id,0
images.image.7.image_category_name,General images
images.image.7.caption,Orange
images.image.8.id,29481
images.image.8.modified,10.06.2024 14:47:03
images.image.8.src,https://www.skyprotextiles.com/media/products/images/10330/29481.jpg
images.image.8.lowres_src,https://www.skyprotextiles.com/var/www/media/products/images/10330/lowres/lr-29481.jpg
images.image.8.name,Fruit_of_the_Loom_10330_Lasten_Valueweight_T-paita_Red.jpg
images.image.8.image_category_id,0
images.image.8.image_category_name,General images
images.image.8.caption,Red
images.image.9.id,29475
images.image.9.modified,10.06.2024 14:47:03
images.image.9.src,https://www.skyprotextiles.com/media/products/images/10330/29475.jpg
images.image.9.lowres_src,https://www.skyprotextiles.com/var/www/media/products/images/10330/lowres/lr-29475.jpg
images.image.9.name,Fruit_of_the_Loom_10330_Lasten_Valueweight_T-paita_Royal Blue.jpg
images.image.9.image_category_id,0
images.image.9.image_category_name,General images
images.image.9.caption,Royal Blue
images.image.10.id,29439
images.image.10.modified,10.06.2024 14:47:03
images.image.10.src,https://www.skyprotextiles.com/media/products/images/10330/29439.jpg
images.image.10.lowres_src,https://www.skyprotextiles.com/var/www/media/products/images/10330/lowres/lr-29439.jpg
images.image.10.name,Fruit_of_the_Loom_10330_Lasten_Valueweight_T-paita_Sunflower.jpg
images.image.10.image_category_id,0
images.image.10.image_category_name,General images
images.image.10.caption,Sunflower
images.image.11.id,29435
images.image.11.modified,10.06.2024 14:47:03
images.image.11.src,https://www.skyprotextiles.com/media/products/images/10330/29435.jpg
images.image.11.lowres_src,https://www.skyprotextiles.com/var/www/media/products/images/10330/lowres/lr-29435.jpg
images.image.11.name,Fruit_of_the_Loom_10330_Lasten_Valueweight_T-paita_White.jpg
images.image.11.image_category_id,0
images.image.11.image_category_name,General images
images.image.11.caption,White
images.image.12.id,29445
images.image.12.modified,10.06.2024 14:47:03
images.image.12.src,https://www.skyprotextiles.com/media/products/images/10330/29445.jpg
images.image.12.lowres_src,https://www.skyprotextiles.com/var/www/media/products/images/10330/lowres/lr-29445.jpg
images.image.12.name,Fruit_of_the_Loom_10330_Lasten_Valueweight_T-paita_Yellow.jpg
images.image.12.image_category_id,0
images.image.12.image_category_name,General images
images.image.12.caption,Yellow
documents.document.src,https://www.skyprotextiles.com/products/search/id/10330-kids-valueweight-t/p/8/73198/
documents.document.mimetype,application/pdf
variants.variant.0.code,1033030092
variants.variant.0.recommended_retail_price,3.50
variants.variant.0.recommended_retail_price_brutto,4.39
variants.variant.0.wholesale_price,
variants.variant.0.discount,0.00
variants.variant.0.vat,25.50
variants.variant.0.currency,EUR
variants.variant.0.color,30
variants.variant.0.hexcolors.hexcolor,#ffffff
variants.variant.0.color_name,White
variants.variant.0.size,092
variants.variant.0.available,50-100
variants.variant.0.free_stock,87
variants.variant.0.incoming,0
variants.variant.0.mfstock,0
variants.variant.0.outlet_discount_percent,
variants.variant.0.leaving,0
variants.variant.1.code,1033030098
variants.variant.1.recommended_retail_price,3.50
variants.variant.1.recommended_retail_price_brutto,4.39
variants.variant.1.wholesale_price,
variants.variant.1.discount,0.00
variants.variant.1.vat,25.50
variants.variant.1.currency,EUR
variants.variant.1.color,30
variants.variant.1.hexcolors.hexcolor,#ffffff
variants.variant.1.color_name,White
variants.variant.1.size,098
variants.variant.1.available,0
variants.variant.1.free_stock,0
variants.variant.1.incoming,0
variants.variant.1.mfstock,4752
variants.variant.1.outlet_discount_percent,
variants.variant.1.leaving,0
variants.variant.2.code,1033030104
variants.variant.2.recommended_retail_price,3.50
variants.variant.2.recommended_retail_price_brutto,4.39
variants.variant.2.wholesale_price,
variants.variant.2.discount,0.00
variants.variant.2.vat,25.50
variants.variant.2.currency,EUR
variants.variant.2.color,30
variants.variant.2.hexcolors.hexcolor,#ffffff
variants.variant.2.color_name,White
variants.variant.2.size,104
variants.variant.2.available,50-100
variants.variant.2.free_stock,98
variants.variant.2.incoming,0
variants.variant.2.mfstock,7992
variants.variant.2.outlet_discount_percent,
variants.variant.2.leaving,0
variants.variant.3.code,1033030116
variants.variant.3.recommended_retail_price,3.50
variants.variant.3.recommended_retail_price_brutto,4.39
variants.variant.3.wholesale_price,
variants.variant.3.discount,0.00
variants.variant.3.vat,25.50
variants.variant.3.currency,EUR
variants.variant.3.color,30
variants.variant.3.hexcolors.hexcolor,#ffffff
variants.variant.3.color_name,White
variants.variant.3.size,116
variants.variant.3.available,< 10
variants.variant.3.free_stock,6
variants.variant.3.incoming,0
variants.variant.3.mfstock,0
variants.variant.3.outlet_discount_percent,
variants.variant.3.leaving,0
variants.variant.4.code,1033030128
variants.variant.4.recommended_retail_price,3.50
variants.variant.4.recommended_retail_price_brutto,4.39
variants.variant.4.wholesale_price,
variants.variant.4.discount,0.00
variants.variant.4.vat,25.50
variants.variant.4.currency,EUR
variants.variant.4.color,30
variants.variant.4.hexcolors.hexcolor,#ffffff
variants.variant.4.color_name,White
variants.variant.4.size,128
variants.variant.4.available,50-100
variants.variant.4.free_stock,75
variants.variant.4.incoming,0
variants.variant.4.mfstock,26136
variants.variant.4.outlet_discount_percent,
variants.variant.4.leaving,0
variants.variant.5.code,1033030140
variants.variant.5.recommended_retail_price,3.50
variants.variant.5.recommended_retail_price_brutto,4.39
variants.variant.5.wholesale_price,
variants.variant.5.discount,0.00
variants.variant.5.vat,25.50
variants.variant.5.currency,EUR
variants.variant.5.color,30
variants.variant.5.hexcolors.hexcolor,#ffffff
variants.variant.5.color_name,White
variants.variant.5.size,140
variants.variant.5.available,10-50
variants.variant.5.free_stock,43
variants.variant.5.incoming,0
variants.variant.5.mfstock,36396
variants.variant.5.outlet_discount_percent,
variants.variant.5.leaving,0
variants.variant.6.code,1033030152
variants.variant.6.recommended_retail_price,3.50
variants.variant.6.recommended_retail_price_brutto,4.39
variants.variant.6.wholesale_price,
variants.variant.6.discount,0.00
variants.variant.6.vat,25.50
variants.variant.6.currency,EUR
variants.variant.6.color,30
variants.variant.6.hexcolors.hexcolor,#ffffff
variants.variant.6.color_name,White
variants.variant.6.size,152
variants.variant.6.available,10-50
variants.variant.6.free_stock,39
variants.variant.6.incoming,0
variants.variant.6.mfstock,33804
variants.variant.6.outlet_discount_percent,
variants.variant.6.leaving,0
variants.variant.7.code,1033030164
variants.variant.7.recommended_retail_price,3.50
variants.variant.7.recommended_retail_price_brutto,4.39
variants.variant.7.wholesale_price,
variants.variant.7.discount,0.00
variants.variant.7.vat,25.50
variants.variant.7.currency,EUR
variants.variant.7.color,30
variants.variant.7.hexcolors.hexcolor,#ffffff
variants.variant.7.color_name,White
variants.variant.7.size,164
variants.variant.7.available,10-50
variants.variant.7.free_stock,50
variants.variant.7.incoming,0
variants.variant.7.mfstock,13896
variants.variant.7.outlet_discount_percent,
variants.variant.7.leaving,0
variants.variant.8.code,1033032092
variants.variant.8.recommended_retail_price,4.50
variants.variant.8.recommended_retail_price_brutto,5.65
variants.variant.8.wholesale_price,
variants.variant.8.discount,0.00
variants.variant.8.vat,25.50
variants.variant.8.currency,EUR
variants.variant.8.color,32
variants.variant.8.hexcolors.hexcolor,#002b58
variants.variant.8.color_name,Navy
variants.variant.8.size,092
variants.variant.8.available,< 10
variants.variant.8.free_stock,2
variants.variant.8.incoming,0
variants.variant.8.mfstock,864
variants.variant.8.outlet_discount_percent,
variants.variant.8.leaving,0
variants.variant.9.code,1033032098
variants.variant.9.recommended_retail_price,4.50
variants.variant.9.recommended_retail_price_brutto,5.65
variants.variant.9.wholesale_price,
variants.variant.9.discount,0.00
variants.variant.9.vat,25.50
variants.variant.9.currency,EUR
variants.variant.9.color,32
variants.variant.9.hexcolors.hexcolor,#002b58
variants.variant.9.color_name,Navy
variants.variant.9.size,098
variants.variant.9.available,10-50
variants.variant.9.free_stock,16
variants.variant.9.incoming,0
variants.variant.9.mfstock,3240
variants.variant.9.outlet_discount_percent,
variants.variant.9.leaving,0
variants.variant.10.code,1033032104
variants.variant.10.recommended_retail_price,4.50
variants.variant.10.recommended_retail_price_brutto,5.65
variants.variant.10.wholesale_price,
variants.variant.10.discount,0.00
variants.variant.10.vat,25.50
variants.variant.10.currency,EUR
variants.variant.10.color,32
variants.variant.10.hexcolors.hexcolor,#002b58
variants.variant.10.color_name,Navy
variants.variant.10.size,104
variants.variant.10.available,50-100
variants.variant.10.free_stock,83
variants.variant.10.incoming,0
variants.variant.10.mfstock,3240
variants.variant.10.outlet_discount_percent,
variants.variant.10.leaving,0
variants.variant.11.code,1033032116
variants.variant.11.recommended_retail_price,4.50
variants.variant.11.recommended_retail_price_brutto,5.65
variants.variant.11.wholesale_price,
variants.variant.11.discount,0.00
variants.variant.11.vat,25.50
variants.variant.11.currency,EUR
variants.variant.11.color,32
variants.variant.11.hexcolors.hexcolor,#002b58
variants.variant.11.color_name,Navy
variants.variant.11.size,116
variants.variant.11.available,10-50
variants.variant.11.free_stock,37
variants.variant.11.incoming,0
variants.variant.11.mfstock,2700
variants.variant.11.outlet_discount_percent,
variants.variant.11.leaving,0
variants.variant.12.code,1033032128
variants.variant.12.recommended_retail_price,4.50
variants.variant.12.recommended_retail_price_brutto,5.65
variants.variant.12.wholesale_price,
variants.variant.12.discount,0.00
variants.variant.12.vat,25.50
variants.variant.12.currency,EUR
variants.variant.12.color,32
variants.variant.12.hexcolors.hexcolor,#002b58
variants.variant.12.color_name,Navy
variants.variant.12.size,128
variants.variant.12.available,10-50
variants.variant.12.free_stock,16
variants.variant.12.incoming,0
variants.variant.12.mfstock,8964
variants.variant.12.outlet_discount_percent,
variants.variant.12.leaving,0
variants.variant.13.code,1033032140
variants.variant.13.recommended_retail_price,4.50
variants.variant.13.recommended_retail_price_brutto,5.65
variants.variant.13.wholesale_price,
variants.variant.13.discount,0.00
variants.variant.13.vat,25.50
variants.variant.13.currency,EUR
variants.variant.13.color,32
variants.variant.13.hexcolors.hexcolor,#002b58
variants.variant.13.color_name,Navy
variants.variant.13.size,140
variants.variant.13.available,50-100
variants.variant.13.free_stock,83
variants.variant.13.incoming,0
variants.variant.13.mfstock,8100
variants.variant.13.outlet_discount_percent,
variants.variant.13.leaving,0
variants.variant.14.code,1033032152
variants.variant.14.recommended_retail_price,4.50
variants.variant.14.recommended_retail_price_brutto,5.65
variants.variant.14.wholesale_price,
variants.variant.14.discount,0.00
variants.variant.14.vat,25.50
variants.variant.14.currency,EUR
variants.variant.14.color,32
variants.variant.14.hexcolors.hexcolor,#002b58
variants.variant.14.color_name,Navy
variants.variant.14.size,152
variants.variant.14.available,50-100
variants.variant.14.free_stock,75
variants.variant.14.incoming,0
variants.variant.14.mfstock,2592
variants.variant.14.outlet_discount_percent,
variants.variant.14.leaving,0
variants.variant.15.code,1033032164
variants.variant.15.recommended_retail_price,4.50
variants.variant.15.recommended_retail_price_brutto,5.65
variants.variant.15.wholesale_price,
variants.variant.15.discount,0.00
variants.variant.15.vat,25.50
variants.variant.15.currency,EUR
variants.variant.15.color,32
variants.variant.15.hexcolors.hexcolor,#002b58
variants.variant.15.color_name,Navy
variants.variant.15.size,164
variants.variant.15.available,10-50
variants.variant.15.free_stock,50
variants.variant.15.incoming,0
variants.variant.15.mfstock,2088
variants.variant.15.outlet_discount_percent,
variants.variant.15.leaving,0
variants.variant.16.code,1033034092
variants.variant.16.recommended_retail_price,4.50
variants.variant.16.recommended_retail_price_brutto,5.65
variants.variant.16.wholesale_price,
variants.variant.16.discount,0.00
variants.variant.16.vat,25.50
variants.variant.16.currency,EUR
variants.variant.16.color,34
variants.variant.16.hexcolors.hexcolor,#fdc800
variants.variant.16.color_name,Sunflower
variants.variant.16.size,092
variants.variant.16.available,0
variants.variant.16.free_stock,0
variants.variant.16.incoming,0
variants.variant.16.mfstock,2592
variants.variant.16.outlet_discount_percent,
variants.variant.16.leaving,0
variants.variant.17.code,1033034098
variants.variant.17.recommended_retail_price,4.50
variants.variant.17.recommended_retail_price_brutto,5.65
variants.variant.17.wholesale_price,
variants.variant.17.discount,0.00
variants.variant.17.vat,25.50
variants.variant.17.currency,EUR
variants.variant.17.color,34
variants.variant.17.hexcolors.hexcolor,#fdc800
variants.variant.17.color_name,Sunflower
variants.variant.17.size,098
variants.variant.17.available,0
variants.variant.17.free_stock,0
variants.variant.17.incoming,0
variants.variant.17.mfstock,2052
variants.variant.17.outlet_discount_percent,
variants.variant.17.leaving,0
variants.variant.18.code,1033034104
variants.variant.18.recommended_retail_price,4.50
variants.variant.18.recommended_retail_price_brutto,5.65
variants.variant.18.wholesale_price,
variants.variant.18.discount,0.00
variants.variant.18.vat,25.50
variants.variant.18.currency,EUR
variants.variant.18.color,34
variants.variant.18.hexcolors.hexcolor,#fdc800
variants.variant.18.color_name,Sunflower
variants.variant.18.size,104
variants.variant.18.available,10-50
variants.variant.18.free_stock,49
variants.variant.18.incoming,0
variants.variant.18.mfstock,1836
variants.variant.18.outlet_discount_percent,
variants.variant.18.leaving,0
variants.variant.19.code,1033034116
variants.variant.19.recommended_retail_price,4.50
variants.variant.19.recommended_retail_price_brutto,5.65
variants.variant.19.wholesale_price,
variants.variant.19.discount,0.00
variants.variant.19.vat,25.50
variants.variant.19.currency,EUR
variants.variant.19.color,34
variants.variant.19.hexcolors.hexcolor,#fdc800
variants.variant.19.color_name,Sunflower
variants.variant.19.size,116
variants.variant.19.available,10-50
variants.variant.19.free_stock,17
variants.variant.19.incoming,0
variants.variant.19.mfstock,1944
variants.variant.19.outlet_discount_percent,
variants.variant.19.leaving,0
variants.variant.20.code,1033034128
variants.variant.20.recommended_retail_price,4.50
variants.variant.20.recommended_retail_price_brutto,5.65
variants.variant.20.wholesale_price,
variants.variant.20.discount,0.00
variants.variant.20.vat,25.50
variants.variant.20.currency,EUR
variants.variant.20.color,34
variants.variant.20.hexcolors.hexcolor,#fdc800
variants.variant.20.color_name,Sunflower
variants.variant.20.size,128
variants.variant.20.available,50-100
variants.variant.20.free_stock,81
variants.variant.20.incoming,0
variants.variant.20.mfstock,5940
variants.variant.20.outlet_discount_percent,
variants.variant.20.leaving,0
variants.variant.21.code,1033034140
variants.variant.21.recommended_retail_price,4.50
variants.variant.21.recommended_retail_price_brutto,5.65
variants.variant.21.wholesale_price,
variants.variant.21.discount,0.00
variants.variant.21.vat,25.50
variants.variant.21.currency,EUR
variants.variant.21.color,34
variants.variant.21.hexcolors.hexcolor,#fdc800
variants.variant.21.color_name,Sunflower
variants.variant.21.size,140
variants.variant.21.available,50-100
variants.variant.21.free_stock,77
variants.variant.21.incoming,0
variants.variant.21.mfstock,2700
variants.variant.21.outlet_discount_percent,
variants.variant.21.leaving,0
variants.variant.22.code,1033034152
variants.variant.22.recommended_retail_price,4.50
variants.variant.22.recommended_retail_price_brutto,5.65
variants.variant.22.wholesale_price,
variants.variant.22.discount,0.00
variants.variant.22.vat,25.50
variants.variant.22.currency,EUR
variants.variant.22.color,34
variants.variant.22.hexcolors.hexcolor,#fdc800
variants.variant.22.color_name,Sunflower
variants.variant.22.size,152
variants.variant.22.available,50-100
variants.variant.22.free_stock,80
variants.variant.22.incoming,0
variants.variant.22.mfstock,3564
variants.variant.22.outlet_discount_percent,
variants.variant.22.leaving,0
variants.variant.23.code,1033034164
variants.variant.23.recommended_retail_price,4.50
variants.variant.23.recommended_retail_price_brutto,5.65
variants.variant.23.wholesale_price,
variants.variant.23.discount,0.00
variants.variant.23.vat,25.50
variants.variant.23.currency,EUR
variants.variant.23.color,34
variants.variant.23.hexcolors.hexcolor,#fdc800
variants.variant.23.color_name,Sunflower
variants.variant.23.size,164
variants.variant.23.available,50-100
variants.variant.23.free_stock,70
variants.variant.23.incoming,0
variants.variant.23.mfstock,792
variants.variant.23.outlet_discount_percent,
variants.variant.23.leaving,0
variants.variant.24.code,1033036104
variants.variant.24.recommended_retail_price,4.50
variants.variant.24.recommended_retail_price_brutto,5.65
variants.variant.24.wholesale_price,
variants.variant.24.discount,0.00
variants.variant.24.vat,25.50
variants.variant.24.currency,EUR
variants.variant.24.color,36
variants.variant.24.hexcolors.hexcolor,#000000
variants.variant.24.color_name,Black
variants.variant.24.size,104
variants.variant.24.available,> 100
variants.variant.24.free_stock,103
variants.variant.24.incoming,0
variants.variant.24.mfstock,4644
variants.variant.24.outlet_discount_percent,
variants.variant.24.leaving,0
variants.variant.25.code,1033036116
variants.variant.25.recommended_retail_price,4.50
variants.variant.25.recommended_retail_price_brutto,5.65
variants.variant.25.wholesale_price,
variants.variant.25.discount,0.00
variants.variant.25.vat,25.50
variants.variant.25.currency,EUR
variants.variant.25.color,36
variants.variant.25.hexcolors.hexcolor,#000000
variants.variant.25.color_name,Black
variants.variant.25.size,116
variants.variant.25.available,50-100
variants.variant.25.free_stock,98
variants.variant.25.incoming,0
variants.variant.25.mfstock,5400
variants.variant.25.outlet_discount_percent,
variants.variant.25.leaving,0
variants.variant.26.code,1033036128
variants.variant.26.recommended_retail_price,4.50
variants.variant.26.recommended_retail_price_brutto,5.65
variants.variant.26.wholesale_price,
variants.variant.26.discount,0.00
variants.variant.26.vat,25.50
variants.variant.26.currency,EUR
variants.variant.26.color,36
variants.variant.26.hexcolors.hexcolor,#000000
variants.variant.26.color_name,Black
variants.variant.26.size,128
variants.variant.26.available,50-100
variants.variant.26.free_stock,90
variants.variant.26.incoming,0
variants.variant.26.mfstock,4860
variants.variant.26.outlet_discount_percent,
variants.variant.26.leaving,0
variants.variant.27.code,1033036140
variants.variant.27.recommended_retail_price,4.50
variants.variant.27.recommended_retail_price_brutto,5.65
variants.variant.27.wholesale_price,
variants.variant.27.discount,0.00
variants.variant.27.vat,25.50
variants.variant.27.currency,EUR
variants.variant.27.color,36
variants.variant.27.hexcolors.hexcolor,#000000
variants.variant.27.color_name,Black
variants.variant.27.size,140
variants.variant.27.available,> 100
variants.variant.27.free_stock,146
variants.variant.27.incoming,0
variants.variant.27.mfstock,5616
variants.variant.27.outlet_discount_percent,
variants.variant.27.leaving,0
variants.variant.28.code,1033036152
variants.variant.28.recommended_retail_price,4.50
variants.variant.28.recommended_retail_price_brutto,5.65
variants.variant.28.wholesale_price,
variants.variant.28.discount,0.00
variants.variant.28.vat,25.50
variants.variant.28.currency,EUR
variants.variant.28.color,36
variants.variant.28.hexcolors.hexcolor,#000000
variants.variant.28.color_name,Black
variants.variant.28.size,152
variants.variant.28.available,50-100
variants.variant.28.free_stock,90
variants.variant.28.incoming,0
variants.variant.28.mfstock,4212
variants.variant.28.outlet_discount_percent,
variants.variant.28.leaving,0
variants.variant.29.code,1033036164
variants.variant.29.recommended_retail_price,4.50
variants.variant.29.recommended_retail_price_brutto,5.65
variants.variant.29.wholesale_price,
variants.variant.29.discount,0.00
variants.variant.29.vat,25.50
variants.variant.29.currency,EUR
variants.variant.29.color,36
variants.variant.29.hexcolors.hexcolor,#000000
variants.variant.29.color_name,Black
variants.variant.29.size,164
variants.variant.29.available,0
variants.variant.29.free_stock,0
variants.variant.29.incoming,72
variants.variant.29.mfstock,4248
variants.variant.29.outlet_discount_percent,
variants.variant.29.leaving,0
variants.variant.30.code,1033040092
variants.variant.30.recommended_retail_price,4.50
variants.variant.30.recommended_retail_price_brutto,5.65
variants.variant.30.wholesale_price,
variants.variant.30.discount,0.00
variants.variant.30.vat,25.50
variants.variant.30.currency,EUR
variants.variant.30.color,40
variants.variant.30.hexcolors.hexcolor,#e2002e
variants.variant.30.color_name,Red
variants.variant.30.size,092
variants.variant.30.available,0
variants.variant.30.free_stock,0
variants.variant.30.incoming,0
variants.variant.30.mfstock,3240
variants.variant.30.outlet_discount_percent,
variants.variant.30.leaving,0
variants.variant.31.code,1033040098
variants.variant.31.recommended_retail_price,4.50
variants.variant.31.recommended_retail_price_brutto,5.65
variants.variant.31.wholesale_price,
variants.variant.31.discount,0.00
variants.variant.31.vat,25.50
variants.variant.31.currency,EUR
variants.variant.31.color,40
variants.variant.31.hexcolors.hexcolor,#e2002e
variants.variant.31.color_name,Red
variants.variant.31.size,098
variants.variant.31.available,0
variants.variant.31.free_stock,0
variants.variant.31.incoming,0
variants.variant.31.mfstock,1080
variants.variant.31.outlet_discount_percent,
variants.variant.31.leaving,0
variants.variant.32.code,1033040104
variants.variant.32.recommended_retail_price,4.50
variants.variant.32.recommended_retail_price_brutto,5.65
variants.variant.32.wholesale_price,
variants.variant.32.discount,0.00
variants.variant.32.vat,25.50
variants.variant.32.currency,EUR
variants.variant.32.color,40
variants.variant.32.hexcolors.hexcolor,#e2002e
variants.variant.32.color_name,Red
variants.variant.32.size,104
variants.variant.32.available,0
variants.variant.32.free_stock,0
variants.variant.32.incoming,0
variants.variant.32.mfstock,2052
variants.variant.32.outlet_discount_percent,
variants.variant.32.leaving,0
variants.variant.33.code,1033040116
variants.variant.33.recommended_retail_price,4.50
variants.variant.33.recommended_retail_price_brutto,5.65
variants.variant.33.wholesale_price,
variants.variant.33.discount,0.00
variants.variant.33.vat,25.50
variants.variant.33.currency,EUR
variants.variant.33.color,40
variants.variant.33.hexcolors.hexcolor,#e2002e
variants.variant.33.color_name,Red
variants.variant.33.size,116
variants.variant.33.available,10-50
variants.variant.33.free_stock,19
variants.variant.33.incoming,0
variants.variant.33.mfstock,756
variants.variant.33.outlet_discount_percent,
variants.variant.33.leaving,0
variants.variant.34.code,1033040128
variants.variant.34.recommended_retail_price,4.50
variants.variant.34.recommended_retail_price_brutto,5.65
variants.variant.34.wholesale_price,
variants.variant.34.discount,0.00
variants.variant.34.vat,25.50
variants.variant.34.currency,EUR
variants.variant.34.color,40
variants.variant.34.hexcolors.hexcolor,#e2002e
variants.variant.34.color_name,Red
variants.variant.34.size,128
variants.variant.34.available,10-50
variants.variant.34.free_stock,26
variants.variant.34.incoming,0
variants.variant.34.mfstock,4968
variants.variant.34.outlet_discount_percent,
variants.variant.34.leaving,0
variants.variant.35.code,1033040140
variants.variant.35.recommended_retail_price,4.50
variants.variant.35.recommended_retail_price_brutto,5.65
variants.variant.35.wholesale_price,
variants.variant.35.discount,0.00
variants.variant.35.vat,25.50
variants.variant.35.currency,EUR
variants.variant.35.color,40
variants.variant.35.hexcolors.hexcolor,#e2002e
variants.variant.35.color_name,Red
variants.variant.35.size,140
variants.variant.35.available,50-100
variants.variant.35.free_stock,94
variants.variant.35.incoming,0
variants.variant.35.mfstock,4968
variants.variant.35.outlet_discount_percent,
variants.variant.35.leaving,0
variants.variant.36.code,1033040152
variants.variant.36.recommended_retail_price,4.50
variants.variant.36.recommended_retail_price_brutto,5.65
variants.variant.36.wholesale_price,
variants.variant.36.discount,0.00
variants.variant.36.vat,25.50
variants.variant.36.currency,EUR
variants.variant.36.color,40
variants.variant.36.hexcolors.hexcolor,#e2002e
variants.variant.36.color_name,Red
variants.variant.36.size,152
variants.variant.36.available,> 100
variants.variant.36.free_stock,106
variants.variant.36.incoming,0
variants.variant.36.mfstock,8532
variants.variant.36.outlet_discount_percent,
variants.variant.36.leaving,0
variants.variant.37.code,1033040164
variants.variant.37.recommended_retail_price,4.50
variants.variant.37.recommended_retail_price_brutto,5.65
variants.variant.37.wholesale_price,
variants.variant.37.discount,0.00
variants.variant.37.vat,25.50
variants.variant.37.currency,EUR
variants.variant.37.color,40
variants.variant.37.hexcolors.hexcolor,#e2002e
variants.variant.37.color_name,Red
variants.variant.37.size,164
variants.variant.37.available,50-100
variants.variant.37.free_stock,64
variants.variant.37.incoming,0
variants.variant.37.mfstock,2736
variants.variant.37.outlet_discount_percent,
variants.variant.37.leaving,0
variants.variant.38.code,1033044104
variants.variant.38.recommended_retail_price,4.50
variants.variant.38.recommended_retail_price_brutto,5.65
variants.variant.38.wholesale_price,
variants.variant.38.discount,0.00
variants.variant.38.vat,25.50
variants.variant.38.currency,EUR
variants.variant.38.color,44
variants.variant.38.hexcolors.hexcolor,#f46c22
variants.variant.38.color_name,Orange
variants.variant.38.size,104
variants.variant.38.available,0
variants.variant.38.free_stock,0
variants.variant.38.incoming,0
variants.variant.38.mfstock,1080
variants.variant.38.outlet_discount_percent,
variants.variant.38.leaving,0
variants.variant.39.code,1033044116
variants.variant.39.recommended_retail_price,4.50
variants.variant.39.recommended_retail_price_brutto,5.65
variants.variant.39.wholesale_price,
variants.variant.39.discount,0.00
variants.variant.39.vat,25.50
variants.variant.39.currency,EUR
variants.variant.39.color,44
variants.variant.39.hexcolors.hexcolor,#f46c22
variants.variant.39.color_name,Orange
variants.variant.39.size,116
variants.variant.39.available,< 10
variants.variant.39.free_stock,3
variants.variant.39.incoming,0
variants.variant.39.mfstock,2376
variants.variant.39.outlet_discount_percent,
variants.variant.39.leaving,0
variants.variant.40.code,1033044128
variants.variant.40.recommended_retail_price,4.50
variants.variant.40.recommended_retail_price_brutto,5.65
variants.variant.40.wholesale_price,
variants.variant.40.discount,0.00
variants.variant.40.vat,25.50
variants.variant.40.currency,EUR
variants.variant.40.color,44
variants.variant.40.hexcolors.hexcolor,#f46c22
variants.variant.40.color_name,Orange
variants.variant.40.size,128
variants.variant.40.available,10-50
variants.variant.40.free_stock,30
variants.variant.40.incoming,0
variants.variant.40.mfstock,4752
variants.variant.40.outlet_discount_percent,
variants.variant.40.leaving,0
variants.variant.41.code,1033044140
variants.variant.41.recommended_retail_price,4.50
variants.variant.41.recommended_retail_price_brutto,5.65
variants.variant.41.wholesale_price,
variants.variant.41.discount,0.00
variants.variant.41.vat,25.50
variants.variant.41.currency,EUR
variants.variant.41.color,44
variants.variant.41.hexcolors.hexcolor,#f46c22
variants.variant.41.color_name,Orange
variants.variant.41.size,140
variants.variant.41.available,50-100
variants.variant.41.free_stock,63
variants.variant.41.incoming,0
variants.variant.41.mfstock,3132
variants.variant.41.outlet_discount_percent,
variants.variant.41.leaving,0
variants.variant.42.code,1033044152
variants.variant.42.recommended_retail_price,4.50
variants.variant.42.recommended_retail_price_brutto,5.65
variants.variant.42.wholesale_price,
variants.variant.42.discount,0.00
variants.variant.42.vat,25.50
variants.variant.42.currency,EUR
variants.variant.42.color,44
variants.variant.42.hexcolors.hexcolor,#f46c22
variants.variant.42.color_name,Orange
variants.variant.42.size,152
variants.variant.42.available,10-50
variants.variant.42.free_stock,23
variants.variant.42.incoming,0
variants.variant.42.mfstock,4104
variants.variant.42.outlet_discount_percent,
variants.variant.42.leaving,0
variants.variant.43.code,1033044164
variants.variant.43.recommended_retail_price,4.50
variants.variant.43.recommended_retail_price_brutto,5.65
variants.variant.43.wholesale_price,
variants.variant.43.discount,0.00
variants.variant.43.vat,25.50
variants.variant.43.currency,EUR
variants.variant.43.color,44
variants.variant.43.hexcolors.hexcolor,#f46c22
variants.variant.43.color_name,Orange
variants.variant.43.size,164
variants.variant.43.available,50-100
variants.variant.43.free_stock,58
variants.variant.43.incoming,0
variants.variant.43.mfstock,0
variants.variant.43.outlet_discount_percent,
variants.variant.43.leaving,0
variants.variant.44.code,1033051092
variants.variant.44.recommended_retail_price,4.50
variants.variant.44.recommended_retail_price_brutto,5.65
variants.variant.44.wholesale_price,
variants.variant.44.discount,0.00
variants.variant.44.vat,25.50
variants.variant.44.currency,EUR
variants.variant.44.color,51
variants.variant.44.hexcolors.hexcolor,#165ca4
variants.variant.44.color_name,Royal Blue
variants.variant.44.size,092
variants.variant.44.available,0
variants.variant.44.free_stock,0
variants.variant.44.incoming,0
variants.variant.44.mfstock,1728
variants.variant.44.outlet_discount_percent,
variants.variant.44.leaving,0
variants.variant.45.code,1033051098
variants.variant.45.recommended_retail_price,4.50
variants.variant.45.recommended_retail_price_brutto,5.65
variants.variant.45.wholesale_price,
variants.variant.45.discount,0.00
variants.variant.45.vat,25.50
variants.variant.45.currency,EUR
variants.variant.45.color,51
variants.variant.45.hexcolors.hexcolor,#165ca4
variants.variant.45.color_name,Royal Blue
variants.variant.45.size,098
variants.variant.45.available,0
variants.variant.45.free_stock,0
variants.variant.45.incoming,0
variants.variant.45.mfstock,5076
variants.variant.45.outlet_discount_percent,
variants.variant.45.leaving,0
variants.variant.46.code,1033051104
variants.variant.46.recommended_retail_price,4.50
variants.variant.46.recommended_retail_price_brutto,5.65
variants.variant.46.wholesale_price,
variants.variant.46.discount,0.00
variants.variant.46.vat,25.50
variants.variant.46.currency,EUR
variants.variant.46.color,51
variants.variant.46.hexcolors.hexcolor,#165ca4
variants.variant.46.color_name,Royal Blue
variants.variant.46.size,104
variants.variant.46.available,0
variants.variant.46.free_stock,0
variants.variant.46.incoming,0
variants.variant.46.mfstock,4644
variants.variant.46.outlet_discount_percent,
variants.variant.46.leaving,0
variants.variant.47.code,1033051116
variants.variant.47.recommended_retail_price,4.50
variants.variant.47.recommended_retail_price_brutto,5.65
variants.variant.47.wholesale_price,
variants.variant.47.discount,0.00
variants.variant.47.vat,25.50
variants.variant.47.currency,EUR
variants.variant.47.color,51
variants.variant.47.hexcolors.hexcolor,#165ca4
variants.variant.47.color_name,Royal Blue
variants.variant.47.size,116
variants.variant.47.available,> 100
variants.variant.47.free_stock,107
variants.variant.47.incoming,0
variants.variant.47.mfstock,1836
variants.variant.47.outlet_discount_percent,
variants.variant.47.leaving,0
variants.variant.48.code,1033051128
variants.variant.48.recommended_retail_price,4.50
variants.variant.48.recommended_retail_price_brutto,5.65
variants.variant.48.wholesale_price,
variants.variant.48.discount,0.00
variants.variant.48.vat,25.50
variants.variant.48.currency,EUR
variants.variant.48.color,51
variants.variant.48.hexcolors.hexcolor,#165ca4
variants.variant.48.color_name,Royal Blue
variants.variant.48.size,128
variants.variant.48.available,50-100
variants.variant.48.free_stock,72
variants.variant.48.incoming,0
variants.variant.48.mfstock,4752
variants.variant.48.outlet_discount_percent,
variants.variant.48.leaving,0
variants.variant.49.code,1033051140
variants.variant.49.recommended_retail_price,4.50
variants.variant.49.recommended_retail_price_brutto,5.65
variants.variant.49.wholesale_price,
variants.variant.49.discount,0.00
variants.variant.49.vat,25.50
variants.variant.49.currency,EUR
variants.variant.49.color,51
variants.variant.49.hexcolors.hexcolor,#165ca4
variants.variant.49.color_name,Royal Blue
variants.variant.49.size,140
variants.variant.49.available,10-50
variants.variant.49.free_stock,12
variants.variant.49.incoming,0
variants.variant.49.mfstock,1296
variants.variant.49.outlet_discount_percent,
variants.variant.49.leaving,0
variants.variant.50.code,1033051152
variants.variant.50.recommended_retail_price,4.50
variants.variant.50.recommended_retail_price_brutto,5.65
variants.variant.50.wholesale_price,
variants.variant.50.discount,0.00
variants.variant.50.vat,25.50
variants.variant.50.currency,EUR
variants.variant.50.color,51
variants.variant.50.hexcolors.hexcolor,#165ca4
variants.variant.50.color_name,Royal Blue
variants.variant.50.size,152
variants.variant.50.available,0
variants.variant.50.free_stock,0
variants.variant.50.incoming,0
variants.variant.50.mfstock,4104
variants.variant.50.outlet_discount_percent,
variants.variant.50.leaving,0
variants.variant.51.code,1033051164
variants.variant.51.recommended_retail_price,4.50
variants.variant.51.recommended_retail_price_brutto,5.65
variants.variant.51.wholesale_price,
variants.variant.51.discount,0.00
variants.variant.51.vat,25.50
variants.variant.51.currency,EUR
variants.variant.51.color,51
variants.variant.51.hexcolors.hexcolor,#165ca4
variants.variant.51.color_name,Royal Blue
variants.variant.51.size,164
variants.variant.51.available,50-100
variants.variant.51.free_stock,68
variants.variant.51.incoming,0
variants.variant.51.mfstock,0
variants.variant.51.outlet_discount_percent,
variants.variant.51.leaving,0
variants.variant.52.code,1033057104
variants.variant.52.recommended_retail_price,4.50
variants.variant.52.recommended_retail_price_brutto,5.65
variants.variant.52.wholesale_price,
variants.variant.52.discount,0.00
variants.variant.52.vat,25.50
variants.variant.52.currency,EUR
variants.variant.52.color,57
variants.variant.52.hexcolors.hexcolor,#e63875
variants.variant.52.color_name,Fuchsia
variants.variant.52.size,104
variants.variant.52.available,< 10
variants.variant.52.free_stock,2
variants.variant.52.incoming,0
variants.variant.52.mfstock,1080
variants.variant.52.outlet_discount_percent,
variants.variant.52.leaving,0
variants.variant.53.code,1033057116
variants.variant.53.recommended_retail_price,4.50
variants.variant.53.recommended_retail_price_brutto,5.65
variants.variant.53.wholesale_price,
variants.variant.53.discount,0.00
variants.variant.53.vat,25.50
variants.variant.53.currency,EUR
variants.variant.53.color,57
variants.variant.53.hexcolors.hexcolor,#e63875
variants.variant.53.color_name,Fuchsia
variants.variant.53.size,116
variants.variant.53.available,< 10
variants.variant.53.free_stock,8
variants.variant.53.incoming,0
variants.variant.53.mfstock,1188
variants.variant.53.outlet_discount_percent,
variants.variant.53.leaving,0
variants.variant.54.code,1033057128
variants.variant.54.recommended_retail_price,4.50
variants.variant.54.recommended_retail_price_brutto,5.65
variants.variant.54.wholesale_price,
variants.variant.54.discount,0.00
variants.variant.54.vat,25.50
variants.variant.54.currency,EUR
variants.variant.54.color,57
variants.variant.54.hexcolors.hexcolor,#e63875
variants.variant.54.color_name,Fuchsia
variants.variant.54.size,128
variants.variant.54.available,10-50
variants.variant.54.free_stock,23
variants.variant.54.incoming,0
variants.variant.54.mfstock,2052
variants.variant.54.outlet_discount_percent,
variants.variant.54.leaving,0
variants.variant.55.code,1033057140
variants.variant.55.recommended_retail_price,4.50
variants.variant.55.recommended_retail_price_brutto,5.65
variants.variant.55.wholesale_price,
variants.variant.55.discount,0.00
variants.variant.55.vat,25.50
variants.variant.55.currency,EUR
variants.variant.55.color,57
variants.variant.55.hexcolors.hexcolor,#e63875
variants.variant.55.color_name,Fuchsia
variants.variant.55.size,140
variants.variant.55.available,10-50
variants.variant.55.free_stock,28
variants.variant.55.incoming,0
variants.variant.55.mfstock,2484
variants.variant.55.outlet_discount_percent,
variants.variant.55.leaving,0
variants.variant.56.code,1033057152
variants.variant.56.recommended_retail_price,4.50
variants.variant.56.recommended_retail_price_brutto,5.65
variants.variant.56.wholesale_price,
variants.variant.56.discount,0.00
variants.variant.56.vat,25.50
variants.variant.56.currency,EUR
variants.variant.56.color,57
variants.variant.56.hexcolors.hexcolor,#e63875
variants.variant.56.color_name,Fuchsia
variants.variant.56.size,152
variants.variant.56.available,10-50
variants.variant.56.free_stock,29
variants.variant.56.incoming,0
variants.variant.56.mfstock,2484
variants.variant.56.outlet_discount_percent,
variants.variant.56.leaving,0
variants.variant.57.code,1033057164
variants.variant.57.recommended_retail_price,4.50
variants.variant.57.recommended_retail_price_brutto,5.65
variants.variant.57.wholesale_price,
variants.variant.57.discount,0.00
variants.variant.57.vat,25.50
variants.variant.57.currency,EUR
variants.variant.57.color,57
variants.variant.57.hexcolors.hexcolor,#e63875
variants.variant.57.color_name,Fuchsia
variants.variant.57.size,164
variants.variant.57.available,10-50
variants.variant.57.free_stock,46
variants.variant.57.incoming,0
variants.variant.57.mfstock,0
variants.variant.57.outlet_discount_percent,
variants.variant.57.leaving,0
variants.variant.58.code,1033094104
variants.variant.58.recommended_retail_price,4.50
variants.variant.58.recommended_retail_price_brutto,5.65
variants.variant.58.wholesale_price,
variants.variant.58.discount,0.00
variants.variant.58.vat,25.50
variants.variant.58.currency,EUR
variants.variant.58.color,94
variants.variant.58.hexcolors.hexcolor,#cbcfd2
variants.variant.58.color_name,Heather Grey
variants.variant.58.size,104
variants.variant.58.available,0
variants.variant.58.free_stock,0
variants.variant.58.incoming,0
variants.variant.58.mfstock,3132
variants.variant.58.outlet_discount_percent,
variants.variant.58.leaving,0
variants.variant.59.code,1033094116
variants.variant.59.recommended_retail_price,4.50
variants.variant.59.recommended_retail_price_brutto,5.65
variants.variant.59.wholesale_price,
variants.variant.59.discount,0.00
variants.variant.59.vat,25.50
variants.variant.59.currency,EUR
variants.variant.59.color,94
variants.variant.59.hexcolors.hexcolor,#cbcfd2
variants.variant.59.color_name,Heather Grey
variants.variant.59.size,116
variants.variant.59.available,> 100
variants.variant.59.free_stock,108
variants.variant.59.incoming,0
variants.variant.59.mfstock,2916
variants.variant.59.outlet_discount_percent,
variants.variant.59.leaving,0
variants.variant.60.code,1033094128
variants.variant.60.recommended_retail_price,4.50
variants.variant.60.recommended_retail_price_brutto,5.65
variants.variant.60.wholesale_price,
variants.variant.60.discount,0.00
variants.variant.60.vat,25.50
variants.variant.60.currency,EUR
variants.variant.60.color,94
variants.variant.60.hexcolors.hexcolor,#cbcfd2
variants.variant.60.color_name,Heather Grey
variants.variant.60.size,128
variants.variant.60.available,50-100
variants.variant.60.free_stock,71
variants.variant.60.incoming,0
variants.variant.60.mfstock,3132
variants.variant.60.outlet_discount_percent,
variants.variant.60.leaving,0
variants.variant.61.code,1033094140
variants.variant.61.recommended_retail_price,4.50
variants.variant.61.recommended_retail_price_brutto,5.65
variants.variant.61.wholesale_price,
variants.variant.61.discount,0.00
variants.variant.61.vat,25.50
variants.variant.61.currency,EUR
variants.variant.61.color,94
variants.variant.61.hexcolors.hexcolor,#cbcfd2
variants.variant.61.color_name,Heather Grey
variants.variant.61.size,140
variants.variant.61.available,10-50
variants.variant.61.free_stock,42
variants.variant.61.incoming,0
variants.variant.61.mfstock,2592
variants.variant.61.outlet_discount_percent,
variants.variant.61.leaving,0
variants.variant.62.code,1033094152
variants.variant.62.recommended_retail_price,4.50
variants.variant.62.recommended_retail_price_brutto,5.65
variants.variant.62.wholesale_price,
variants.variant.62.discount,0.00
variants.variant.62.vat,25.50
variants.variant.62.currency,EUR
variants.variant.62.color,94
variants.variant.62.hexcolors.hexcolor,#cbcfd2
variants.variant.62.color_name,Heather Grey
variants.variant.62.size,152
variants.variant.62.available,50-100
variants.variant.62.free_stock,70
variants.variant.62.incoming,0
variants.variant.62.mfstock,2808
variants.variant.62.outlet_discount_percent,
variants.variant.62.leaving,0
variants.variant.63.code,1033094164
variants.variant.63.recommended_retail_price,4.50
variants.variant.63.recommended_retail_price_brutto,5.65
variants.variant.63.wholesale_price,
variants.variant.63.discount,0.00
variants.variant.63.vat,25.50
variants.variant.63.currency,EUR
variants.variant.63.color,94
variants.variant.63.hexcolors.hexcolor,#cbcfd2
variants.variant.63.color_name,Heather Grey
variants.variant.63.size,164
variants.variant.63.available,10-50
variants.variant.63.free_stock,46
variants.variant.63.incoming,0
variants.variant.63.mfstock,1584
variants.variant.63.outlet_discount_percent,
variants.variant.63.leaving,0
variants.variant.64.code,10330AZ104
variants.variant.64.recommended_retail_price,4.50
variants.variant.64.recommended_retail_price_brutto,5.65
variants.variant.64.wholesale_price,
variants.variant.64.discount,0.00
variants.variant.64.vat,25.50
variants.variant.64.currency,EUR
variants.variant.64.color,AZ
variants.variant.64.hexcolors.hexcolor,#001439
variants.variant.64.color_name,Deep Navy
variants.variant.64.size,104
variants.variant.64.available,> 100
variants.variant.64.free_stock,108
variants.variant.64.incoming,0
variants.variant.64.mfstock,108
variants.variant.64.outlet_discount_percent,
variants.variant.64.leaving,0
variants.variant.65.code,10330AZ116
variants.variant.65.recommended_retail_price,4.50
variants.variant.65.recommended_retail_price_brutto,5.65
variants.variant.65.wholesale_price,
variants.variant.65.discount,0.00
variants.variant.65.vat,25.50
variants.variant.65.currency,EUR
variants.variant.65.color,AZ
variants.variant.65.hexcolors.hexcolor,#001439
variants.variant.65.color_name,Deep Navy
variants.variant.65.size,116
variants.variant.65.available,50-100
variants.variant.65.free_stock,65
variants.variant.65.incoming,0
variants.variant.65.mfstock,1296
variants.variant.65.outlet_discount_percent,
variants.variant.65.leaving,0
variants.variant.66.code,10330AZ128
variants.variant.66.recommended_retail_price,4.50
variants.variant.66.recommended_retail_price_brutto,5.65
variants.variant.66.wholesale_price,
variants.variant.66.discount,0.00
variants.variant.66.vat,25.50
variants.variant.66.currency,EUR
variants.variant.66.color,AZ
variants.variant.66.hexcolors.hexcolor,#001439
variants.variant.66.color_name,Deep Navy
variants.variant.66.size,128
variants.variant.66.available,50-100
variants.variant.66.free_stock,81
variants.variant.66.incoming,0
variants.variant.66.mfstock,2808
variants.variant.66.outlet_discount_percent,
variants.variant.66.leaving,0
variants.variant.67.code,10330AZ140
variants.variant.67.recommended_retail_price,4.50
variants.variant.67.recommended_retail_price_brutto,5.65
variants.variant.67.wholesale_price,
variants.variant.67.discount,0.00
variants.variant.67.vat,25.50
variants.variant.67.currency,EUR
variants.variant.67.color,AZ
variants.variant.67.hexcolors.hexcolor,#001439
variants.variant.67.color_name,Deep Navy
variants.variant.67.size,140
variants.variant.67.available,10-50
variants.variant.67.free_stock,49
variants.variant.67.incoming,0
variants.variant.67.mfstock,2916
variants.variant.67.outlet_discount_percent,
variants.variant.67.leaving,0
variants.variant.68.code,10330AZ152
variants.variant.68.recommended_retail_price,4.50
variants.variant.68.recommended_retail_price_brutto,5.65
variants.variant.68.wholesale_price,
variants.variant.68.discount,0.00
variants.variant.68.vat,25.50
variants.variant.68.currency,EUR
variants.variant.68.color,AZ
variants.variant.68.hexcolors.hexcolor,#001439
variants.variant.68.color_name,Deep Navy
variants.variant.68.size,152
variants.variant.68.available,10-50
variants.variant.68.free_stock,21
variants.variant.68.incoming,0
variants.variant.68.mfstock,2376
variants.variant.68.outlet_discount_percent,
variants.variant.68.leaving,0
variants.variant.69.code,10330AZ164
variants.variant.69.recommended_retail_price,4.50
variants.variant.69.recommended_retail_price_brutto,5.65
variants.variant.69.wholesale_price,
variants.variant.69.discount,0.00
variants.variant.69.vat,25.50
variants.variant.69.currency,EUR
variants.variant.69.color,AZ
variants.variant.69.hexcolors.hexcolor,#001439
variants.variant.69.color_name,Deep Navy
variants.variant.69.size,164
variants.variant.69.available,10-50
variants.variant.69.free_stock,16
variants.variant.69.incoming,0
variants.variant.69.mfstock,1656
variants.variant.69.outlet_discount_percent,
variants.variant.69.leaving,0
variants.variant.70.code,10330K2104
variants.variant.70.recommended_retail_price,4.50
variants.variant.70.recommended_retail_price_brutto,5.65
variants.variant.70.wholesale_price,
variants.variant.70.discount,0.00
variants.variant.70.vat,25.50
variants.variant.70.currency,EUR
variants.variant.70.color,K2
variants.variant.70.hexcolors.hexcolor,#fef200
variants.variant.70.color_name,Yellow
variants.variant.70.size,104
variants.variant.70.available,10-50
variants.variant.70.free_stock,27
variants.variant.70.incoming,0
variants.variant.70.mfstock,3240
variants.variant.70.outlet_discount_percent,
variants.variant.70.leaving,0
variants.variant.71.code,10330K2116
variants.variant.71.recommended_retail_price,4.50
variants.variant.71.recommended_retail_price_brutto,5.65
variants.variant.71.wholesale_price,
variants.variant.71.discount,0.00
variants.variant.71.vat,25.50
variants.variant.71.currency,EUR
variants.variant.71.color,K2
variants.variant.71.hexcolors.hexcolor,#fef200
variants.variant.71.color_name,Yellow
variants.variant.71.size,116
variants.variant.71.available,10-50
variants.variant.71.free_stock,12
variants.variant.71.incoming,0
variants.variant.71.mfstock,0
variants.variant.71.outlet_discount_percent,
variants.variant.71.leaving,0
variants.variant.72.code,10330K2128
variants.variant.72.recommended_retail_price,4.50
variants.variant.72.recommended_retail_price_brutto,5.65
variants.variant.72.wholesale_price,
variants.variant.72.discount,0.00
variants.variant.72.vat,25.50
variants.variant.72.currency,EUR
variants.variant.72.color,K2
variants.variant.72.hexcolors.hexcolor,#fef200
variants.variant.72.color_name,Yellow
variants.variant.72.size,128
variants.variant.72.available,> 100
variants.variant.72.free_stock,110
variants.variant.72.incoming,0
variants.variant.72.mfstock,4212
variants.variant.72.outlet_discount_percent,
variants.variant.72.leaving,0
variants.variant.73.code,10330K2140
variants.variant.73.recommended_retail_price,4.50
variants.variant.73.recommended_retail_price_brutto,5.65
variants.variant.73.wholesale_price,
variants.variant.73.discount,0.00
variants.variant.73.vat,25.50
variants.variant.73.currency,EUR
variants.variant.73.color,K2
variants.variant.73.hexcolors.hexcolor,#fef200
variants.variant.73.color_name,Yellow
variants.variant.73.size,140
variants.variant.73.available,50-100
variants.variant.73.free_stock,63
variants.variant.73.incoming,0
variants.variant.73.mfstock,6588
variants.variant.73.outlet_discount_percent,
variants.variant.73.leaving,0
variants.variant.74.code,10330K2152
variants.variant.74.recommended_retail_price,4.50
variants.variant.74.recommended_retail_price_brutto,5.65
variants.variant.74.wholesale_price,
variants.variant.74.discount,0.00
variants.variant.74.vat,25.50
variants.variant.74.currency,EUR
variants.variant.74.color,K2
variants.variant.74.hexcolors.hexcolor,#fef200
variants.variant.74.color_name,Yellow
variants.variant.74.size,152
variants.variant.74.available,50-100
variants.variant.74.free_stock,87
variants.variant.74.incoming,0
variants.variant.74.mfstock,3564
variants.variant.74.outlet_discount_percent,
variants.variant.74.leaving,0
variants.variant.75.code,10330K2164
variants.variant.75.recommended_retail_price,4.50
variants.variant.75.recommended_retail_price_brutto,5.65
variants.variant.75.wholesale_price,
variants.variant.75.discount,0.00
variants.variant.75.vat,25.50
variants.variant.75.currency,EUR
variants.variant.75.color,K2
variants.variant.75.hexcolors.hexcolor,#fef200
variants.variant.75.color_name,Yellow
variants.variant.75.size,164
variants.variant.75.available,50-100
variants.variant.75.free_stock,61
variants.variant.75.incoming,0
variants.variant.75.mfstock,1008
variants.variant.75.outlet_discount_percent,
variants.variant.75.leaving,0
variants.variant.76.code,10330ZU104
variants.variant.76.recommended_retail_price,4.50
variants.variant.76.recommended_retail_price_brutto,5.65
variants.variant.76.wholesale_price,
variants.variant.76.discount,0.00
variants.variant.76.vat,25.50
variants.variant.76.currency,EUR
variants.variant.76.color,ZU
variants.variant.76.hexcolors.hexcolor,#0095C8
variants.variant.76.color_name,Azure Blue
variants.variant.76.size,104
variants.variant.76.available,> 100
variants.variant.76.free_stock,471
variants.variant.76.incoming,0
variants.variant.76.mfstock,2268
variants.variant.76.outlet_discount_percent,
variants.variant.76.leaving,0
variants.variant.77.code,10330ZU116
variants.variant.77.recommended_retail_price,4.50
variants.variant.77.recommended_retail_price_brutto,5.65
variants.variant.77.wholesale_price,
variants.variant.77.discount,0.00
variants.variant.77.vat,25.50
variants.variant.77.currency,EUR
variants.variant.77.color,ZU
variants.variant.77.hexcolors.hexcolor,#0095C8
variants.variant.77.color_name,Azure Blue
variants.variant.77.size,116
variants.variant.77.available,50-100
variants.variant.77.free_stock,72
variants.variant.77.incoming,0
variants.variant.77.mfstock,864
variants.variant.77.outlet_discount_percent,
variants.variant.77.leaving,0
variants.variant.78.code,10330ZU128
variants.variant.78.recommended_retail_price,4.50
variants.variant.78.recommended_retail_price_brutto,5.65
variants.variant.78.wholesale_price,
variants.variant.78.discount,0.00
variants.variant.78.vat,25.50
variants.variant.78.currency,EUR
variants.variant.78.color,ZU
variants.variant.78.hexcolors.hexcolor,#0095C8
variants.variant.78.color_name,Azure Blue
variants.variant.78.size,128
variants.variant.78.available,10-50
variants.variant.78.free_stock,17
variants.variant.78.incoming,0
variants.variant.78.mfstock,5832
variants.variant.78.outlet_discount_percent,
variants.variant.78.leaving,0
variants.variant.79.code,10330ZU140
variants.variant.79.recommended_retail_price,4.50
variants.variant.79.recommended_retail_price_brutto,5.65
variants.variant.79.wholesale_price,
variants.variant.79.discount,0.00
variants.variant.79.vat,25.50
variants.variant.79.currency,EUR
variants.variant.79.color,ZU
variants.variant.79.hexcolors.hexcolor,#0095C8
variants.variant.79.color_name,Azure Blue
variants.variant.79.size,140
variants.variant.79.available,< 10
variants.variant.79.free_stock,9
variants.variant.79.incoming,0
variants.variant.79.mfstock,6912
variants.variant.79.outlet_discount_percent,
variants.variant.79.leaving,0
variants.variant.80.code,10330ZU152
variants.variant.80.recommended_retail_price,4.50
variants.variant.80.recommended_retail_price_brutto,5.65
variants.variant.80.wholesale_price,
variants.variant.80.discount,0.00
variants.variant.80.vat,25.50
variants.variant.80.currency,EUR
variants.variant.80.color,ZU
variants.variant.80.hexcolors.hexcolor,#0095C8
variants.variant.80.color_name,Azure Blue
variants.variant.80.size,152
variants.variant.80.available,50-100
variants.variant.80.free_stock,67
variants.variant.80.incoming,0
variants.variant.80.mfstock,1296
variants.variant.80.outlet_discount_percent,
variants.variant.80.leaving,0
variants.variant.81.code,10330ZU164
variants.variant.81.recommended_retail_price,4.50
variants.variant.81.recommended_retail_price_brutto,5.65
variants.variant.81.wholesale_price,
variants.variant.81.discount,0.00
variants.variant.81.vat,25.50
variants.variant.81.currency,EUR
variants.variant.81.color,ZU
variants.variant.81.hexcolors.hexcolor,#0095C8
variants.variant.81.color_name,Azure Blue
variants.variant.81.size,164
variants.variant.81.available,10-50
variants.variant.81.free_stock,25
variants.variant.81.incoming,0
variants.variant.81.mfstock,1152
variants.variant.81.outlet_discount_percent,
variants.variant.81.leaving,0
logoeditor_url,https://www.skyprotextiles.com/products/productsmarker/10330-kids-valueweight-t